--------------------------------------------------------
--  File created - Wednesday-October-21-2015   
--------------------------------------------------------
--------------------------------------------------------
--  DDL for Table ACCOUNT
--------------------------------------------------------

  CREATE TABLE "TESTUSERDB"."ACCOUNT" 
   (	"ACCOUNTNUM" NUMBER(*,0), 
	"CUSTOMERNAME" VARCHAR2(100 BYTE), 
	"STARTINGBALANCE" NUMBER(38,2), 
	"ACCOUNTTYPE" NUMBER(*,0)
   ) SEGMENT CREATION IMMEDIATE 
  PCTFREE 10 PCTUSED 40 INITRANS 1 MAXTRANS 255 NOCOMPRESS LOGGING
  STORAGE(INITIAL 65536 NEXT 1048576 MINEXTENTS 1 MAXEXTENTS 2147483645
  PCTINCREASE 0 FREELISTS 1 FREELIST GROUPS 1 BUFFER_POOL DEFAULT FLASH_CACHE DEFAULT CELL_FLASH_CACHE DEFAULT)
  TABLESPACE "USERS" ;
--------------------------------------------------------
--  DDL for Table ACCOUNTTYPE
--------------------------------------------------------

  CREATE TABLE "TESTUSERDB"."ACCOUNTTYPE" 
   (	"ACCOUNTTYPE" NUMBER(*,0), 
	"DESCRIPTION" VARCHAR2(30 BYTE)
   ) SEGMENT CREATION IMMEDIATE 
  PCTFREE 10 PCTUSED 40 INITRANS 1 MAXTRANS 255 NOCOMPRESS LOGGING
  STORAGE(INITIAL 65536 NEXT 1048576 MINEXTENTS 1 MAXEXTENTS 2147483645
  PCTINCREASE 0 FREELISTS 1 FREELIST GROUPS 1 BUFFER_POOL DEFAULT FLASH_CACHE DEFAULT CELL_FLASH_CACHE DEFAULT)
  TABLESPACE "USERS" ;
--------------------------------------------------------
--  DDL for Table TRANSACTION
--------------------------------------------------------

  CREATE TABLE "TESTUSERDB"."TRANSACTION" 
   (	"TRANSACTIONID" NUMBER(*,0), 
	"ACCOUNTNUM" NUMBER(*,0), 
	"TRANSACTIONTYPE" NUMBER(*,0), 
	"TRANSACTIONDATE" DATE, 
	"TRANSACTIONAMOUNT" FLOAT(126)
   ) SEGMENT CREATION IMMEDIATE 
  PCTFREE 10 PCTUSED 40 INITRANS 1 MAXTRANS 255 NOCOMPRESS LOGGING
  STORAGE(INITIAL 65536 NEXT 1048576 MINEXTENTS 1 MAXEXTENTS 2147483645
  PCTINCREASE 0 FREELISTS 1 FREELIST GROUPS 1 BUFFER_POOL DEFAULT FLASH_CACHE DEFAULT CELL_FLASH_CACHE DEFAULT)
  TABLESPACE "USERS" ;
--------------------------------------------------------
--  DDL for Table TRANSACTIONTYPE
--------------------------------------------------------

  CREATE TABLE "TESTUSERDB"."TRANSACTIONTYPE" 
   (	"TRANSACTIONTYPE" NUMBER(*,0), 
	"DESCRIPTION" VARCHAR2(30 BYTE)
   ) SEGMENT CREATION IMMEDIATE 
  PCTFREE 10 PCTUSED 40 INITRANS 1 MAXTRANS 255 NOCOMPRESS LOGGING
  STORAGE(INITIAL 65536 NEXT 1048576 MINEXTENTS 1 MAXEXTENTS 2147483645
  PCTINCREASE 0 FREELISTS 1 FREELIST GROUPS 1 BUFFER_POOL DEFAULT FLASH_CACHE DEFAULT CELL_FLASH_CACHE DEFAULT)
  TABLESPACE "USERS" ;
--------------------------------------------------------
--  DDL for Table NEWACCOUNT
--------------------------------------------------------

  CREATE TABLE "TESTUSERDB"."NEWACCOUNT" 
   (	"COLUMN1" VARCHAR2(20 BYTE)
   ) SEGMENT CREATION IMMEDIATE 
  PCTFREE 10 PCTUSED 40 INITRANS 1 MAXTRANS 255 NOCOMPRESS LOGGING
  STORAGE(INITIAL 65536 NEXT 1048576 MINEXTENTS 1 MAXEXTENTS 2147483645
  PCTINCREASE 0 FREELISTS 1 FREELIST GROUPS 1 BUFFER_POOL DEFAULT FLASH_CACHE DEFAULT CELL_FLASH_CACHE DEFAULT)
  TABLESPACE "USERS" ;
REM INSERTING into TESTUSERDB.ACCOUNT
SET DEFINE OFF;
Insert into TESTUSERDB.ACCOUNT (ACCOUNTNUM,CUSTOMERNAME,STARTINGBALANCE,ACCOUNTTYPE) values (1003,'Carmen Sandiego',1000,2);
Insert into TESTUSERDB.ACCOUNT (ACCOUNTNUM,CUSTOMERNAME,STARTINGBALANCE,ACCOUNTTYPE) values (3213,'Wally',1000,2);
Insert into TESTUSERDB.ACCOUNT (ACCOUNTNUM,CUSTOMERNAME,STARTINGBALANCE,ACCOUNTTYPE) values (4213,'Roofus',5,2);
Insert into TESTUSERDB.ACCOUNT (ACCOUNTNUM,CUSTOMERNAME,STARTINGBALANCE,ACCOUNTTYPE) values (4221,'Gallant',5,2);
Insert into TESTUSERDB.ACCOUNT (ACCOUNTNUM,CUSTOMERNAME,STARTINGBALANCE,ACCOUNTTYPE) values (8934,'Min Mei',10000,2);
Insert into TESTUSERDB.ACCOUNT (ACCOUNTNUM,CUSTOMERNAME,STARTINGBALANCE,ACCOUNTTYPE) values (1001,'Pikachu',1,2);
Insert into TESTUSERDB.ACCOUNT (ACCOUNTNUM,CUSTOMERNAME,STARTINGBALANCE,ACCOUNTTYPE) values (7779,'LittleFoot',-5,2);
Insert into TESTUSERDB.ACCOUNT (ACCOUNTNUM,CUSTOMERNAME,STARTINGBALANCE,ACCOUNTTYPE) values (8675,'Kora, Legend of',200,2);
Insert into TESTUSERDB.ACCOUNT (ACCOUNTNUM,CUSTOMERNAME,STARTINGBALANCE,ACCOUNTTYPE) values (6660,'Walter White',100000000,2);
Insert into TESTUSERDB.ACCOUNT (ACCOUNTNUM,CUSTOMERNAME,STARTINGBALANCE,ACCOUNTTYPE) values (6661,'Walter White',220000,1);
Insert into TESTUSERDB.ACCOUNT (ACCOUNTNUM,CUSTOMERNAME,STARTINGBALANCE,ACCOUNTTYPE) values (6662,'Walter White',500000,3);
REM INSERTING into TESTUSERDB.ACCOUNTTYPE
SET DEFINE OFF;
Insert into TESTUSERDB.ACCOUNTTYPE (ACCOUNTTYPE,DESCRIPTION) values (1,'Checking');
Insert into TESTUSERDB.ACCOUNTTYPE (ACCOUNTTYPE,DESCRIPTION) values (2,'Savings');
Insert into TESTUSERDB.ACCOUNTTYPE (ACCOUNTTYPE,DESCRIPTION) values (3,'Credit');
REM INSERTING into TESTUSERDB.TRANSACTION
SET DEFINE OFF;
Insert into TESTUSERDB.TRANSACTION (TRANSACTIONID,ACCOUNTNUM,TRANSACTIONTYPE,TRANSACTIONDATE,TRANSACTIONAMOUNT) values (1,1003,2,to_date('06-AUG-15','DD-MON-RR'),475.42);
Insert into TESTUSERDB.TRANSACTION (TRANSACTIONID,ACCOUNTNUM,TRANSACTIONTYPE,TRANSACTIONDATE,TRANSACTIONAMOUNT) values (3,8675,4,to_date('09-AUG-15','DD-MON-RR'),326.01);
Insert into TESTUSERDB.TRANSACTION (TRANSACTIONID,ACCOUNTNUM,TRANSACTIONTYPE,TRANSACTIONDATE,TRANSACTIONAMOUNT) values (4,6661,2,to_date('03-AUG-15','DD-MON-RR'),782.99);
Insert into TESTUSERDB.TRANSACTION (TRANSACTIONID,ACCOUNTNUM,TRANSACTIONTYPE,TRANSACTIONDATE,TRANSACTIONAMOUNT) values (5,6666,1,to_date('03-AUG-15','DD-MON-RR'),30.49);
Insert into TESTUSERDB.TRANSACTION (TRANSACTIONID,ACCOUNTNUM,TRANSACTIONTYPE,TRANSACTIONDATE,TRANSACTIONAMOUNT) values (6,4123,3,to_date('15-AUG-15','DD-MON-RR'),450.44);
Insert into TESTUSERDB.TRANSACTION (TRANSACTIONID,ACCOUNTNUM,TRANSACTIONTYPE,TRANSACTIONDATE,TRANSACTIONAMOUNT) values (7,8675,2,to_date('10-AUG-15','DD-MON-RR'),181.1);
Insert into TESTUSERDB.TRANSACTION (TRANSACTIONID,ACCOUNTNUM,TRANSACTIONTYPE,TRANSACTIONDATE,TRANSACTIONAMOUNT) values (8,3213,3,to_date('08-AUG-15','DD-MON-RR'),374.94);
Insert into TESTUSERDB.TRANSACTION (TRANSACTIONID,ACCOUNTNUM,TRANSACTIONTYPE,TRANSACTIONDATE,TRANSACTIONAMOUNT) values (9,6661,4,to_date('09-AUG-15','DD-MON-RR'),803.28);
Insert into TESTUSERDB.TRANSACTION (TRANSACTIONID,ACCOUNTNUM,TRANSACTIONTYPE,TRANSACTIONDATE,TRANSACTIONAMOUNT) values (10,6661,4,to_date('13-AUG-15','DD-MON-RR'),327.57);
Insert into TESTUSERDB.TRANSACTION (TRANSACTIONID,ACCOUNTNUM,TRANSACTIONTYPE,TRANSACTIONDATE,TRANSACTIONAMOUNT) values (11,8934,1,to_date('07-AUG-15','DD-MON-RR'),945.44);
Insert into TESTUSERDB.TRANSACTION (TRANSACTIONID,ACCOUNTNUM,TRANSACTIONTYPE,TRANSACTIONDATE,TRANSACTIONAMOUNT) values (12,8934,4,to_date('14-AUG-15','DD-MON-RR'),882.87);
Insert into TESTUSERDB.TRANSACTION (TRANSACTIONID,ACCOUNTNUM,TRANSACTIONTYPE,TRANSACTIONDATE,TRANSACTIONAMOUNT) values (13,3213,3,to_date('13-AUG-15','DD-MON-RR'),986.78);
Insert into TESTUSERDB.TRANSACTION (TRANSACTIONID,ACCOUNTNUM,TRANSACTIONTYPE,TRANSACTIONDATE,TRANSACTIONAMOUNT) values (14,7779,2,to_date('15-AUG-15','DD-MON-RR'),365.47);
Insert into TESTUSERDB.TRANSACTION (TRANSACTIONID,ACCOUNTNUM,TRANSACTIONTYPE,TRANSACTIONDATE,TRANSACTIONAMOUNT) values (15,6662,3,to_date('14-AUG-15','DD-MON-RR'),131.83);
Insert into TESTUSERDB.TRANSACTION (TRANSACTIONID,ACCOUNTNUM,TRANSACTIONTYPE,TRANSACTIONDATE,TRANSACTIONAMOUNT) values (16,1001,3,to_date('05-AUG-15','DD-MON-RR'),92.36);
Insert into TESTUSERDB.TRANSACTION (TRANSACTIONID,ACCOUNTNUM,TRANSACTIONTYPE,TRANSACTIONDATE,TRANSACTIONAMOUNT) values (17,8675,4,to_date('14-AUG-15','DD-MON-RR'),998.53);
Insert into TESTUSERDB.TRANSACTION (TRANSACTIONID,ACCOUNTNUM,TRANSACTIONTYPE,TRANSACTIONDATE,TRANSACTIONAMOUNT) values (18,4123,2,to_date('02-AUG-15','DD-MON-RR'),970.23);
Insert into TESTUSERDB.TRANSACTION (TRANSACTIONID,ACCOUNTNUM,TRANSACTIONTYPE,TRANSACTIONDATE,TRANSACTIONAMOUNT) values (19,3213,4,to_date('05-AUG-15','DD-MON-RR'),227.03);
Insert into TESTUSERDB.TRANSACTION (TRANSACTIONID,ACCOUNTNUM,TRANSACTIONTYPE,TRANSACTIONDATE,TRANSACTIONAMOUNT) values (20,7779,1,to_date('14-AUG-15','DD-MON-RR'),309.87);
Insert into TESTUSERDB.TRANSACTION (TRANSACTIONID,ACCOUNTNUM,TRANSACTIONTYPE,TRANSACTIONDATE,TRANSACTIONAMOUNT) values (21,6661,4,to_date('14-AUG-15','DD-MON-RR'),31.99);
Insert into TESTUSERDB.TRANSACTION (TRANSACTIONID,ACCOUNTNUM,TRANSACTIONTYPE,TRANSACTIONDATE,TRANSACTIONAMOUNT) values (22,6662,3,to_date('05-AUG-15','DD-MON-RR'),20.29);
Insert into TESTUSERDB.TRANSACTION (TRANSACTIONID,ACCOUNTNUM,TRANSACTIONTYPE,TRANSACTIONDATE,TRANSACTIONAMOUNT) values (23,8675,1,to_date('13-AUG-15','DD-MON-RR'),324.04);
Insert into TESTUSERDB.TRANSACTION (TRANSACTIONID,ACCOUNTNUM,TRANSACTIONTYPE,TRANSACTIONDATE,TRANSACTIONAMOUNT) values (24,8675,1,to_date('15-AUG-15','DD-MON-RR'),602.54);
Insert into TESTUSERDB.TRANSACTION (TRANSACTIONID,ACCOUNTNUM,TRANSACTIONTYPE,TRANSACTIONDATE,TRANSACTIONAMOUNT) values (25,4123,2,to_date('06-AUG-15','DD-MON-RR'),818.15);
Insert into TESTUSERDB.TRANSACTION (TRANSACTIONID,ACCOUNTNUM,TRANSACTIONTYPE,TRANSACTIONDATE,TRANSACTIONAMOUNT) values (26,3213,2,to_date('14-AUG-15','DD-MON-RR'),103.86);
Insert into TESTUSERDB.TRANSACTION (TRANSACTIONID,ACCOUNTNUM,TRANSACTIONTYPE,TRANSACTIONDATE,TRANSACTIONAMOUNT) values (27,4221,1,to_date('10-AUG-15','DD-MON-RR'),116.8);
Insert into TESTUSERDB.TRANSACTION (TRANSACTIONID,ACCOUNTNUM,TRANSACTIONTYPE,TRANSACTIONDATE,TRANSACTIONAMOUNT) values (28,7779,2,to_date('05-AUG-15','DD-MON-RR'),460.33);
Insert into TESTUSERDB.TRANSACTION (TRANSACTIONID,ACCOUNTNUM,TRANSACTIONTYPE,TRANSACTIONDATE,TRANSACTIONAMOUNT) values (29,1003,2,to_date('06-AUG-15','DD-MON-RR'),270.47);
Insert into TESTUSERDB.TRANSACTION (TRANSACTIONID,ACCOUNTNUM,TRANSACTIONTYPE,TRANSACTIONDATE,TRANSACTIONAMOUNT) values (30,3213,2,to_date('08-AUG-15','DD-MON-RR'),420.25);
Insert into TESTUSERDB.TRANSACTION (TRANSACTIONID,ACCOUNTNUM,TRANSACTIONTYPE,TRANSACTIONDATE,TRANSACTIONAMOUNT) values (31,8675,1,to_date('13-AUG-15','DD-MON-RR'),485.43);
Insert into TESTUSERDB.TRANSACTION (TRANSACTIONID,ACCOUNTNUM,TRANSACTIONTYPE,TRANSACTIONDATE,TRANSACTIONAMOUNT) values (32,1003,1,to_date('01-AUG-15','DD-MON-RR'),1000);
Insert into TESTUSERDB.TRANSACTION (TRANSACTIONID,ACCOUNTNUM,TRANSACTIONTYPE,TRANSACTIONDATE,TRANSACTIONAMOUNT) values (33,3213,1,to_date('01-AUG-15','DD-MON-RR'),1000);
Insert into TESTUSERDB.TRANSACTION (TRANSACTIONID,ACCOUNTNUM,TRANSACTIONTYPE,TRANSACTIONDATE,TRANSACTIONAMOUNT) values (34,4213,1,to_date('01-AUG-15','DD-MON-RR'),5);
Insert into TESTUSERDB.TRANSACTION (TRANSACTIONID,ACCOUNTNUM,TRANSACTIONTYPE,TRANSACTIONDATE,TRANSACTIONAMOUNT) values (35,4221,1,to_date('01-AUG-15','DD-MON-RR'),5);
Insert into TESTUSERDB.TRANSACTION (TRANSACTIONID,ACCOUNTNUM,TRANSACTIONTYPE,TRANSACTIONDATE,TRANSACTIONAMOUNT) values (36,8934,1,to_date('01-AUG-15','DD-MON-RR'),10000);
Insert into TESTUSERDB.TRANSACTION (TRANSACTIONID,ACCOUNTNUM,TRANSACTIONTYPE,TRANSACTIONDATE,TRANSACTIONAMOUNT) values (37,1001,1,to_date('01-AUG-15','DD-MON-RR'),1);
Insert into TESTUSERDB.TRANSACTION (TRANSACTIONID,ACCOUNTNUM,TRANSACTIONTYPE,TRANSACTIONDATE,TRANSACTIONAMOUNT) values (38,7779,2,to_date('01-AUG-15','DD-MON-RR'),5);
Insert into TESTUSERDB.TRANSACTION (TRANSACTIONID,ACCOUNTNUM,TRANSACTIONTYPE,TRANSACTIONDATE,TRANSACTIONAMOUNT) values (39,8675,1,to_date('01-AUG-15','DD-MON-RR'),200);
Insert into TESTUSERDB.TRANSACTION (TRANSACTIONID,ACCOUNTNUM,TRANSACTIONTYPE,TRANSACTIONDATE,TRANSACTIONAMOUNT) values (40,6660,1,to_date('01-AUG-15','DD-MON-RR'),1000000000);
Insert into TESTUSERDB.TRANSACTION (TRANSACTIONID,ACCOUNTNUM,TRANSACTIONTYPE,TRANSACTIONDATE,TRANSACTIONAMOUNT) values (41,6661,5,to_date('21-OCT-15','DD-MON-RR'),null);
Insert into TESTUSERDB.TRANSACTION (TRANSACTIONID,ACCOUNTNUM,TRANSACTIONTYPE,TRANSACTIONDATE,TRANSACTIONAMOUNT) values (42,6662,1,to_date('21-OCT-15','DD-MON-RR'),null);
Insert into TESTUSERDB.TRANSACTION (TRANSACTIONID,ACCOUNTNUM,TRANSACTIONTYPE,TRANSACTIONDATE,TRANSACTIONAMOUNT) values (45,6661,5,to_date('21-OCT-15','DD-MON-RR'),500.5);
Insert into TESTUSERDB.TRANSACTION (TRANSACTIONID,ACCOUNTNUM,TRANSACTIONTYPE,TRANSACTIONDATE,TRANSACTIONAMOUNT) values (46,6662,1,to_date('21-OCT-15','DD-MON-RR'),500.5);
Insert into TESTUSERDB.TRANSACTION (TRANSACTIONID,ACCOUNTNUM,TRANSACTIONTYPE,TRANSACTIONDATE,TRANSACTIONAMOUNT) values (47,6660,5,to_date('21-OCT-15','DD-MON-RR'),1000.5);
Insert into TESTUSERDB.TRANSACTION (TRANSACTIONID,ACCOUNTNUM,TRANSACTIONTYPE,TRANSACTIONDATE,TRANSACTIONAMOUNT) values (48,6661,1,to_date('21-OCT-15','DD-MON-RR'),1000.5);
Insert into TESTUSERDB.TRANSACTION (TRANSACTIONID,ACCOUNTNUM,TRANSACTIONTYPE,TRANSACTIONDATE,TRANSACTIONAMOUNT) values (51,6661,5,to_date('21-OCT-15','DD-MON-RR'),500);
Insert into TESTUSERDB.TRANSACTION (TRANSACTIONID,ACCOUNTNUM,TRANSACTIONTYPE,TRANSACTIONDATE,TRANSACTIONAMOUNT) values (52,6661,5,to_date('21-OCT-15','DD-MON-RR'),500000);
Insert into TESTUSERDB.TRANSACTION (TRANSACTIONID,ACCOUNTNUM,TRANSACTIONTYPE,TRANSACTIONDATE,TRANSACTIONAMOUNT) values (53,6661,5,to_date('21-OCT-15','DD-MON-RR'),500000);
Insert into TESTUSERDB.TRANSACTION (TRANSACTIONID,ACCOUNTNUM,TRANSACTIONTYPE,TRANSACTIONDATE,TRANSACTIONAMOUNT) values (54,6660,5,to_date('21-OCT-15','DD-MON-RR'),500000);
Insert into TESTUSERDB.TRANSACTION (TRANSACTIONID,ACCOUNTNUM,TRANSACTIONTYPE,TRANSACTIONDATE,TRANSACTIONAMOUNT) values (55,6660,5,to_date('21-OCT-15','DD-MON-RR'),500000);
Insert into TESTUSERDB.TRANSACTION (TRANSACTIONID,ACCOUNTNUM,TRANSACTIONTYPE,TRANSACTIONDATE,TRANSACTIONAMOUNT) values (56,6660,5,to_date('21-OCT-15','DD-MON-RR'),500000);
Insert into TESTUSERDB.TRANSACTION (TRANSACTIONID,ACCOUNTNUM,TRANSACTIONTYPE,TRANSACTIONDATE,TRANSACTIONAMOUNT) values (57,6660,5,to_date('21-OCT-15','DD-MON-RR'),500000);
Insert into TESTUSERDB.TRANSACTION (TRANSACTIONID,ACCOUNTNUM,TRANSACTIONTYPE,TRANSACTIONDATE,TRANSACTIONAMOUNT) values (58,6660,5,to_date('21-OCT-15','DD-MON-RR'),500000);
Insert into TESTUSERDB.TRANSACTION (TRANSACTIONID,ACCOUNTNUM,TRANSACTIONTYPE,TRANSACTIONDATE,TRANSACTIONAMOUNT) values (59,6660,5,to_date('21-OCT-15','DD-MON-RR'),500000);
Insert into TESTUSERDB.TRANSACTION (TRANSACTIONID,ACCOUNTNUM,TRANSACTIONTYPE,TRANSACTIONDATE,TRANSACTIONAMOUNT) values (60,6660,5,to_date('21-OCT-15','DD-MON-RR'),500000);
Insert into TESTUSERDB.TRANSACTION (TRANSACTIONID,ACCOUNTNUM,TRANSACTIONTYPE,TRANSACTIONDATE,TRANSACTIONAMOUNT) values (61,6660,7,to_date('21-OCT-15','DD-MON-RR'),15);
Insert into TESTUSERDB.TRANSACTION (TRANSACTIONID,ACCOUNTNUM,TRANSACTIONTYPE,TRANSACTIONDATE,TRANSACTIONAMOUNT) values (62,6661,5,to_date('21-OCT-15','DD-MON-RR'),500000);
Insert into TESTUSERDB.TRANSACTION (TRANSACTIONID,ACCOUNTNUM,TRANSACTIONTYPE,TRANSACTIONDATE,TRANSACTIONAMOUNT) values (43,6660,5,to_date('21-OCT-15','DD-MON-RR'),null);
Insert into TESTUSERDB.TRANSACTION (TRANSACTIONID,ACCOUNTNUM,TRANSACTIONTYPE,TRANSACTIONDATE,TRANSACTIONAMOUNT) values (44,6661,1,to_date('21-OCT-15','DD-MON-RR'),null);
Insert into TESTUSERDB.TRANSACTION (TRANSACTIONID,ACCOUNTNUM,TRANSACTIONTYPE,TRANSACTIONDATE,TRANSACTIONAMOUNT) values (49,6660,5,to_date('21-OCT-15','DD-MON-RR'),300.5);
Insert into TESTUSERDB.TRANSACTION (TRANSACTIONID,ACCOUNTNUM,TRANSACTIONTYPE,TRANSACTIONDATE,TRANSACTIONAMOUNT) values (50,6661,1,to_date('21-OCT-15','DD-MON-RR'),300.5);
REM INSERTING into TESTUSERDB.TRANSACTIONTYPE
SET DEFINE OFF;
Insert into TESTUSERDB.TRANSACTIONTYPE (TRANSACTIONTYPE,DESCRIPTION) values (1,'Deposit');
Insert into TESTUSERDB.TRANSACTIONTYPE (TRANSACTIONTYPE,DESCRIPTION) values (2,'Check');
Insert into TESTUSERDB.TRANSACTIONTYPE (TRANSACTIONTYPE,DESCRIPTION) values (3,'Credit Card');
Insert into TESTUSERDB.TRANSACTIONTYPE (TRANSACTIONTYPE,DESCRIPTION) values (4,'Debit Card');
Insert into TESTUSERDB.TRANSACTIONTYPE (TRANSACTIONTYPE,DESCRIPTION) values (5,'Transfer');
Insert into TESTUSERDB.TRANSACTIONTYPE (TRANSACTIONTYPE,DESCRIPTION) values (6,'Withdrawal');
Insert into TESTUSERDB.TRANSACTIONTYPE (TRANSACTIONTYPE,DESCRIPTION) values (7,'Bank Overdraft');
REM INSERTING into TESTUSERDB.NEWACCOUNT
SET DEFINE OFF;
--------------------------------------------------------
--  DDL for Index SYS_C007406
--------------------------------------------------------

  CREATE UNIQUE INDEX "TESTUSERDB"."SYS_C007406" ON "TESTUSERDB"."ACCOUNT" ("ACCOUNTNUM") 
  PCTFREE 10 INITRANS 2 MAXTRANS 255 COMPUTE STATISTICS 
  STORAGE(INITIAL 65536 NEXT 1048576 MINEXTENTS 1 MAXEXTENTS 2147483645
  PCTINCREASE 0 FREELISTS 1 FREELIST GROUPS 1 BUFFER_POOL DEFAULT FLASH_CACHE DEFAULT CELL_FLASH_CACHE DEFAULT)
  TABLESPACE "USERS" ;
--------------------------------------------------------
--  DDL for Index SYS_C007408
--------------------------------------------------------

  CREATE UNIQUE INDEX "TESTUSERDB"."SYS_C007408" ON "TESTUSERDB"."TRANSACTION" ("TRANSACTIONID") 
  PCTFREE 10 INITRANS 2 MAXTRANS 255 COMPUTE STATISTICS 
  STORAGE(INITIAL 65536 NEXT 1048576 MINEXTENTS 1 MAXEXTENTS 2147483645
  PCTINCREASE 0 FREELISTS 1 FREELIST GROUPS 1 BUFFER_POOL DEFAULT FLASH_CACHE DEFAULT CELL_FLASH_CACHE DEFAULT)
  TABLESPACE "USERS" ;
--------------------------------------------------------
--  Constraints for Table ACCOUNT
--------------------------------------------------------

  ALTER TABLE "TESTUSERDB"."ACCOUNT" ADD PRIMARY KEY ("ACCOUNTNUM")
  USING INDEX PCTFREE 10 INITRANS 2 MAXTRANS 255 COMPUTE STATISTICS 
  STORAGE(INITIAL 65536 NEXT 1048576 MINEXTENTS 1 MAXEXTENTS 2147483645
  PCTINCREASE 0 FREELISTS 1 FREELIST GROUPS 1 BUFFER_POOL DEFAULT FLASH_CACHE DEFAULT CELL_FLASH_CACHE DEFAULT)
  TABLESPACE "USERS"  ENABLE;
--------------------------------------------------------
--  Constraints for Table ACCOUNTTYPE
--------------------------------------------------------

  ALTER TABLE "TESTUSERDB"."ACCOUNTTYPE" MODIFY ("ACCOUNTTYPE" NOT NULL ENABLE);
--------------------------------------------------------
--  Constraints for Table TRANSACTION
--------------------------------------------------------

  ALTER TABLE "TESTUSERDB"."TRANSACTION" ADD PRIMARY KEY ("TRANSACTIONID")
  USING INDEX PCTFREE 10 INITRANS 2 MAXTRANS 255 COMPUTE STATISTICS 
  STORAGE(INITIAL 65536 NEXT 1048576 MINEXTENTS 1 MAXEXTENTS 2147483645
  PCTINCREASE 0 FREELISTS 1 FREELIST GROUPS 1 BUFFER_POOL DEFAULT FLASH_CACHE DEFAULT CELL_FLASH_CACHE DEFAULT)
  TABLESPACE "USERS"  ENABLE;
--------------------------------------------------------
--  Constraints for Table TRANSACTIONTYPE
--------------------------------------------------------

  ALTER TABLE "TESTUSERDB"."TRANSACTIONTYPE" MODIFY ("TRANSACTIONTYPE" NOT NULL ENABLE);
--------------------------------------------------------
--  DDL for Trigger TABLE1_TRG
--------------------------------------------------------

  CREATE OR REPLACE TRIGGER "TESTUSERDB"."TABLE1_TRG" 
BEFORE INSERT ON NEWACCOUNT 
FOR EACH ROW 
BEGIN
  <<COLUMN_SEQUENCES>>
  BEGIN
    IF INSERTING AND :NEW.COLUMN1 IS NULL THEN
      SELECT TABLE1_SEQ.NEXTVAL INTO :NEW.COLUMN1 FROM SYS.DUAL;
    END IF;
  END COLUMN_SEQUENCES;
END;
/
ALTER TRIGGER "TESTUSERDB"."TABLE1_TRG" ENABLE;
